,Model,Accuracy
0,Logistic Regression,0.9259259259259259
1,K-Nearest Neighbors,0.8148148148148148
2,Support Vector Machine,0.8518518518518519
3,Decision Tree,0.7222222222222222
4,Random Forest,0.8888888888888888
5,Gradient Boosting,0.7777777777777778
6,AdaBoost,0.8518518518518519
7,Gaussian Naive Bayes,0.9074074074074074
8,XGBoost,0.8148148148148148
9,CatBoost,0.8888888888888888
